API_Label,Latitude,Longitude,geometry
05-057-05000,40.775932,-106.253831,POINT (394193 4514640)
05-057-05001,40.437766,-106.267009,POINT (392541 4477118)
05-057-05002,40.440236,-106.201067,POINT (398138 4477314)
05-057-05003,40.441426,-106.271739,POINT (392146 4477530)
05-057-05004,40.441457,-106.276447,POINT (391746 4477539)
05-057-05005,40.449524,-106.279979,POINT (391460 4478439)
05-057-05006,40.474786,-106.265509,POINT (392727 4481225)
05-057-05007,40.483973,-106.299482,POINT (389862 4482287)
05-057-05008,40.488266,-106.218738,POINT (396712 4482666)
05-057-05009,40.502385,-106.397683,POINT (381571 4484458)
05-057-05010,40.503015,-106.27612,POINT (391873 4484372)
05-057-05011,40.779573,-106.135888,POINT (404152 4514909)
05-057-05012,40.507195,-106.386583,POINT (382520 4484977)
05-057-05013,40.51109,-106.454733,POINT (376753 4485502)
05-057-05014,40.522675,-106.448454,POINT (377306 4486779)
05-057-05015,40.539594,-106.5415,POINT (369457 4488791)
05-057-05016,40.535743,-106.446602,POINT (377487 4488227)
05-057-05017,40.539354,-106.441767,POINT (377903 4488622)
05-057-05018,40.542981,-106.441194,POINT (377958 4489023)
05-057-05019,40.623085,-106.097085,POINT (407209 4497496)
05-057-05020,40.624725,-106.177529,POINT (400407 4497766)
05-057-05021,40.654364,-106.124396,POINT (404943 4500997)
05-057-05022,40.675532,-106.55104,POINT (368915 4503896)
05-057-05023,40.678102,-106.537209,POINT (370089 4504160)
05-057-05024,40.696752,-106.093698,POINT (407597 4505670)
05-057-05025,40.687494,-106.133657,POINT (404208 4504685)
05-057-05026,40.688784,-106.522403,POINT (371361 4505324)
05-057-05027,40.696867,-106.073383,POINT (409314 4505661)
05-057-05028,40.701098,-106.163562,POINT (401701 4506228)
05-057-05029,40.715954,-106.530155,POINT (370758 4508352)
05-057-05031,40.711805,-106.133751,POINT (404235 4507384)
05-057-05033,40.714354,-106.131427,POINT (404435 4507664)
05-057-05034,40.719114,-106.137517,POINT (403927 4508199)
05-057-05035,40.721873,-106.143407,POINT (403434 4508512)
05-057-05036,40.727193,-106.22162,POINT (396836 4509191)
05-057-05037,40.732653,-106.167038,POINT (401454 4509735)
05-057-05038,40.732744,-106.1432,POINT (403467 4509718)
05-057-05039,40.736309,-106.152713,POINT (402669 4510125)
05-057-05040,40.736103,-106.152714,POINT (402668 4510102)
05-057-05042,40.739803,-106.167128,POINT (401457 4510528)
05-057-05043,40.739823,-106.176879,POINT (400633 4510542)
05-057-05044,40.73986,-106.157561,POINT (402265 4510524)
05-057-05045,40.743483,-106.157618,POINT (402265 4510926)
05-057-05046,40.746963,-106.190099,POINT (399528 4511349)
05-057-05047,40.747063,-106.162368,POINT (401869 4511329)
05-057-05048,40.74708,-106.176694,POINT (400660 4511347)
05-057-05049,40.74967,-106.20969,POINT (397878 4511672)
05-057-05050,40.750863,-106.167398,POINT (401450 4511757)
05-057-05051,40.750703,-106.095306,POINT (407536 4511660)
05-057-05052,40.750758,-106.095332,POINT (407534 4511666)
05-057-05053,40.751663,-106.108597,POINT (406415 4511781)
05-057-05054,40.7535,-106.212718,POINT (397628 4512101)
05-057-05055,40.754004,-106.201038,POINT (398615 4512144)
05-057-05056,40.755793,-106.200805,POINT (398638 4512342)
05-057-05057,40.755815,-106.200978,POINT (398623 4512344)
05-057-05058,40.75614,-106.20597,POINT (398202 4512386)
05-057-05059,40.756923,-106.109747,POINT (406326 4512366)
05-057-05060,40.757307,-106.113351,POINT (406022 4512413)
05-057-05061,40.758263,-106.177119,POINT (400641 4512589)
05-057-05062,40.758253,-106.171849,POINT (401085 4512582)
05-057-05063,40.758433,-106.186279,POINT (399868 4512618)
05-057-05064,40.758263,-106.177159,POINT (400637 4512589)
05-057-05065,40.758243,-106.133447,POINT (404327 4512538)
05-057-05066,40.759643,-106.20568,POINT (398232 4512775)
05-057-05068,40.760499,-106.116357,POINT (405773 4512770)
05-057-05069,40.76086,-106.23283,POINT (395942 4512942)
05-057-05070,40.760773,-106.22857,POINT (396302 4512927)
05-057-05071,40.760452,-106.288952,POINT (391204 4512965)
05-057-05072,40.761553,-106.194119,POINT (399211 4512974)
05-057-05073,40.763099,-106.120752,POINT (405405 4513063)
05-057-05074,40.76303,-106.23939,POINT (395392 4513190)
05-057-05075,40.763463,-106.21617,POINT (397352 4513211)
05-057-05076,40.764053,-106.245867,POINT (394847 4513312)
05-057-05077,40.764472,-106.235941,POINT (395685 4513346)
05-057-05078,40.764193,-106.20084,POINT (398647 4513274)
05-057-05079,40.766743,-106.126997,POINT (404884 4513475)
05-057-05080,40.766252,-106.239921,POINT (395352 4513549)
05-057-05081,40.766488,-106.125507,POINT (405009 4513445)
05-057-05082,40.767353,-106.22578,POINT (396547 4513654)
05-057-05084,40.767772,-106.245911,POINT (394849 4513725)
05-057-05085,40.768238,-106.120009,POINT (405475 4513633)
05-057-05086,40.769003,-106.114567,POINT (405936 4513712)
05-057-05087,40.768593,-106.127747,POINT (404823 4513681)
05-057-05088,40.774605,-106.22535,POINT (396595 4514459)
05-057-05089,40.769061,-106.421808,POINT (380006 4514093)
05-057-05093,40.770363,-106.130488,POINT (404594 4513880)
05-057-05094,40.77036,-106.25142,POINT (394388 4514019)
05-057-05095,40.770203,-106.22139,POINT (396922 4513965)
05-057-05096,40.772731,-106.134248,POINT (404280 4514147)
05-057-05097,40.772952,-106.254841,POINT (394103 4514310)
05-057-05098,40.772853,-106.119327,POINT (405540 4514145)
05-057-05099,40.773173,-106.132978,POINT (404388 4514195)
05-057-05100,40.773638,-106.129787,POINT (404658 4514243)
05-057-05101,40.774073,-106.128997,POINT (404725 4514291)
05-057-05102,40.77461,-106.225585,POINT (396575 4514460)
05-057-05103,40.775936,-106.135274,POINT (404198 4514504)
05-057-05104,40.775932,-106.253831,POINT (394193 4514640)
05-057-05105,40.777072,-106.260912,POINT (393598 4514775)
05-057-05106,40.777573,-106.136873,POINT (404066 4514688)
05-057-05107,40.77819,-106.22542,POINT (396594 4514857)
05-057-05108,40.77842,-106.23481,POINT (395802 4514893)
05-057-05109,40.778806,-106.239556,POINT (395402 4514942)
05-057-05110,40.779662,-106.263392,POINT (393392 4515066)
05-057-05112,40.779883,-106.100187,POINT (407165 4514905)
05-057-05113,40.780973,-106.138761,POINT (403911 4515067)
05-057-05114,40.781372,-106.268542,POINT (392961 4515262)
05-057-05115,40.78528,-106.23675,POINT (395649 4515657)
05-057-05116,40.785374,-106.263181,POINT (393419 4515700)
05-057-05117,40.785502,-106.253492,POINT (394237 4515702)
05-057-05118,40.786453,-106.137668,POINT (404011 4515674)
05-057-05119,40.793762,-106.268632,POINT (392973 4516637)
05-057-05120,40.78897,-106.24772,POINT (394730 4516080)
05-057-05121,40.79988,-106.257493,POINT (393922 4517303)
05-057-05122,40.801117,-106.136527,POINT (404129 4517301)
05-057-05123,40.810692,-106.223681,POINT (396792 4518463)
05-057-05124,40.814492,-106.224011,POINT (396770 4518885)
05-057-05125,40.816563,-106.487991,POINT (374509 4519459)
05-057-05126,40.818214,-106.198169,POINT (398955 4519268)
05-057-05127,40.81809,-106.23305,POINT (396013 4519295)
05-057-05128,40.820892,-106.19481,POINT (399242 4519561)
05-057-05129,40.82192,-106.23263,POINT (396054 4519720)
05-057-05130,40.822172,-106.271302,POINT (392793 4519794)
05-057-05131,40.823,-106.23623,POINT (395752 4519844)
05-057-05132,40.8227,-106.24118,POINT (395334 4519817)
05-057-05133,40.821852,-106.247102,POINT (394834 4519730)
05-057-05134,40.82431,-106.23869,POINT (395547 4519992)
05-057-05135,40.82443,-106.24109,POINT (395345 4520008)
05-057-05136,40.82606,-106.24587,POINT (394944 4520195)
05-057-05137,40.826899,-106.279411,POINT (392117 4520329)
05-057-05138,40.828136,-106.247999,POINT (394768 4520428)
05-057-05139,40.82842,-106.28412,POINT (391723 4520504)
05-057-05140,40.828794,-106.237219,POINT (395678 4520488)
05-057-05141,40.828819,-106.204777,POINT (398414 4520453)
05-057-05142,40.854852,-106.285631,POINT (391638 4523440)
05-057-05143,40.856362,-106.273679,POINT (392648 4523593)
05-057-05144,40.857692,-106.221751,POINT (397027 4523678)
05-057-05145,40.863786,-106.380873,POINT (383626 4524554)
05-057-05146,40.873017,-106.274764,POINT (392584 4525443)
05-057-05147,40.876621,-106.315134,POINT (389188 4525893)
05-057-05148,40.88934,-106.50579,POINT (373147 4527564)
05-057-05149,40.88751,-106.50345,POINT (373341 4527358)
05-057-05150,40.89302,-106.510351,POINT (372770 4527979)
05-057-05151,40.911139,-106.49918,POINT (373745 4529975)
05-057-05203,40.719851,-106.526049,POINT (371113 4508778)
05-057-05204,40.828262,-106.242652,POINT (395219 4520436)
05-057-05205,40.808242,-106.324674,POINT (388269 4518315)
05-057-05206,40.819192,-106.276053,POINT (392388 4519469)
05-057-05207,40.77494,-106.25825,POINT (393819 4514535)
05-057-05208,40.78239,-106.26614,POINT (393165 4515372)
05-057-05209,40.796712,-106.257812,POINT (393890 4516952)
05-057-05210,40.802303,-106.129418,POINT (404730 4517425)
05-057-05748,40.88934,-106.50579,POINT (373147 4527564)
05-057-06001,40.771833,-106.125067,POINT (405054 4514038)
05-057-06002,40.768293,-106.120277,POINT (405453 4513640)
05-057-06003,40.579575,-106.460672,POINT (376376 4493113)
05-057-06004,40.555705,-106.295051,POINT (390355 4490244)
05-057-06005,40.808322,-106.315064,POINT (389080 4518311)
05-057-06006,40.847424,-106.28057,POINT (392053 4522609)
05-057-06007,40.718143,-106.158508,POINT (402153 4508114)
05-057-06008,40.78581,-106.24797,POINT (394704 4515730)
05-057-06009,40.729618,-106.499132,POINT (373405 4509824)
05-057-06010,40.781556,-106.236889,POINT (395632 4515244)
05-057-06011,40.725967,-106.498523,POINT (373449 4509417)
05-057-06012,40.722155,-106.498497,POINT (373444 4508994)
05-057-06013,40.782778,-106.248444,POINT (394659 4515394)
05-057-06014,40.755028,-106.512603,POINT (372316 4512664)
05-057-06015,40.771782,-106.22465,POINT (396649 4514145)
05-057-06016,40.760643,-106.20946,POINT (397914 4512890)
05-057-06017,40.779512,-106.248801,POINT (394623 4515031)
05-057-06018,40.76828,-106.22469,POINT (396641 4513756)
05-057-06019,40.775917,-106.239028,POINT (395443 4514621)
05-057-06020,40.749773,-106.168309,POINT (401372 4511637)
05-057-06021,40.714905,-106.498882,POINT (373398 4508190)
05-057-06022,40.809412,-106.315024,POINT (389085 4518432)
05-057-06023,40.520544,-106.503817,POINT (372612 4486621)
05-057-06024,40.722312,-106.503559,POINT (373017 4509019)
05-057-06025,40.77592,-106.23358,POINT (395902 4514614)
05-057-06026,40.77558,-106.22897,POINT (396291 4514571)
05-057-06027,40.775512,-106.22438,POINT (396678 4514558)
05-057-06028,40.77964,-106.24414,POINT (395017 4515040)
05-057-06029,40.779389,-106.239278,POINT (395427 4515006)
05-057-06030,40.783139,-106.24375,POINT (395055 4515428)
05-057-06031,40.718608,-106.498828,POINT (373410 4508601)
05-057-06032,40.7865,-106.24278,POINT (395143 4515800)
05-057-06033,40.78931,-106.24692,POINT (394798 4516117)
05-057-06034,40.78942,-106.24256,POINT (395166 4516124)
05-057-06035,40.785732,-106.237831,POINT (395559 4515709)
05-057-06036,40.782412,-106.233781,POINT (395895 4515335)
05-057-06037,40.779072,-106.228681,POINT (396321 4514959)
05-057-06039,40.77936,-106.23444,POINT (395835 4514997)
05-057-06040,40.77633,-106.24394,POINT (395029 4514672)
05-057-06041,40.76856,-106.21981,POINT (397053 4513781)
05-057-06042,40.793022,-106.251492,POINT (394418 4516534)
05-057-06043,40.795602,-106.253392,POINT (394262 4516823)
05-057-06044,40.772,-106.22939,POINT (396250 4514174)
05-057-06045,40.768053,-106.21458,POINT (397494 4513719)
05-057-06046,40.777652,-106.236631,POINT (395648 4514810)
05-057-06047,40.718408,-106.4988,POINT (373412 4508579)
05-057-06048,40.78931,-106.25167,POINT (394397 4516123)
05-057-06049,40.77236,-106.23417,POINT (395847 4514220)
05-057-06050,40.76461,-106.21628,POINT (397345 4513339)
05-057-06051,40.781139,-106.241389,POINT (395251 4515203)
05-057-06052,40.774,-106.23147,POINT (396077 4514399)
05-057-06053,40.76475,-106.21989,POINT (397040 4513358)
05-057-06054,40.778842,-106.225921,POINT (396553 4514930)
05-057-06055,40.744963,-106.157898,POINT (402244 4511091)
05-057-06056,40.789802,-106.261642,POINT (393556 4516189)
05-057-06057,40.718564,-106.494159,POINT (373804 4508589)
05-057-06058,40.83511,-106.50654,POINT (372980 4521545)
05-057-06059,40.733131,-106.498879,POINT (373433 4510213)
05-057-06060,40.464808,-106.49267,POINT (373452 4480418)
05-057-06061,40.532814,-106.452255,POINT (377003 4487910)
05-057-06062,40.715581,-106.491952,POINT (373985 4508255)
05-057-06063,40.576053,-106.556749,POINT (368237 4492861)
05-057-06064,40.90031,-106.48544,POINT (374882 4528753)
05-057-06065,40.53944,-106.44199,POINT (377884 4488631)
05-057-06066,40.547734,-106.484617,POINT (374290 4489612)
05-057-06067,40.513194,-106.493506,POINT (373472 4485791)
05-057-06068,40.674382,-106.479388,POINT (374969 4503664)
05-057-06069,40.714271,-106.493056,POINT (373889 4508111)
05-057-06070,40.722103,-106.496571,POINT (373607 4508986)
05-057-06071,40.644443,-106.313872,POINT (388908 4500118)
05-057-06072,40.872727,-106.559006,POINT (368631 4525798)
05-057-06073,40.718861,-106.519369,POINT (371675 4508659)
05-057-06074,40.637075,-106.101425,POINT (406861 4499053)
05-057-06075,40.706202,-106.407256,POINT (381122 4507096)
05-057-06076,40.704342,-106.441097,POINT (378260 4506936)
05-057-06077,40.734361,-106.501869,POINT (373183 4510354)
05-057-06078,40.751155,-106.497494,POINT (373584 4512212)
05-057-06079,40.729372,-106.486298,POINT (374488 4509778)
05-057-06080,40.71211,-106.492479,POINT (373934 4507870)
05-057-06081,40.759543,-106.21635,POINT (397331 4512776)
05-057-06082,40.867051,-106.390257,POINT (382841 4524929)
05-057-06083,40.771492,-106.22083,POINT (396971 4514108)
05-057-06084,40.713782,-106.365444,POINT (384667 4507881)
05-057-06085,40.806212,-106.176129,POINT (400796 4517911)
05-057-06086,40.88579,-106.360526,POINT (385379 4526970)
05-057-06087,40.767422,-106.243111,POINT (395085 4513682)
05-057-06088,40.80797,-106.27191,POINT (392719 4518219)
05-057-06089,40.709882,-106.492048,POINT (373966 4507622)
05-057-06090,40.67745,-106.48365,POINT (374614 4504010)
05-057-06091,40.844577,-106.284439,POINT (391722 4522298)
05-057-06092,40.700046,-106.480159,POINT (374952 4506514)
05-057-06093,40.719956,-106.500367,POINT (373282 4508753)
05-057-06094,40.547213,-106.449743,POINT (377242 4489505)
05-057-06095,40.712309,-106.49822,POINT (373449 4507901)
05-057-06096,40.709992,-106.497618,POINT (373495 4507643)
05-057-06097,40.729559,-106.499583,POINT (373367 4509818)
05-057-06098,40.346632,-106.407114,POINT (380497 4467181)
05-057-06099,40.685182,-106.493548,POINT (373792 4504883)
05-057-06100,40.719905,-106.495677,POINT (373678 4508740)
05-057-06101,40.733623,-106.144728,POINT (403339 4509818)
05-057-06102,40.726613,-106.141157,POINT (403631 4509035)
05-057-06103,40.700644,-106.138777,POINT (403794 4506150)
05-057-06104,40.729983,-106.162098,POINT (401867 4509433)
05-057-06105,40.742303,-106.154048,POINT (402565 4510791)
05-057-06106,40.747683,-106.161068,POINT (401980 4511396)
05-057-06107,40.750353,-106.163938,POINT (401742 4511696)
05-057-06108,40.717416,-106.499149,POINT (373380 4508469)
05-057-06109,40.739553,-106.151138,POINT (402806 4510483)
05-057-06110,40.637545,-106.106246,POINT (406454 4499111)
05-057-06111,40.736673,-106.147248,POINT (403131 4510159)
05-057-06112,40.717395,-106.494593,POINT (373765 4508460)
05-057-06113,40.755023,-106.20216,POINT (398522 4512258)
05-057-06114,40.78358,-106.26269,POINT (393458 4515500)
05-057-06115,40.723674,-106.497717,POINT (373513 4509162)
05-057-06116,40.718904,-106.495657,POINT (373678 4508629)
05-057-06117,40.509995,-106.355202,POINT (385184 4485246)
05-057-06118,40.554274,-106.454886,POINT (376819 4490296)
05-057-06119,40.758933,-106.108567,POINT (406428 4512588)
05-057-06120,40.762493,-106.108597,POINT (406431 4512983)
05-057-06121,40.711652,-106.522569,POINT (371391 4507863)
05-057-06122,40.740743,-106.196029,POINT (399018 4510666)
05-057-06123,40.464395,-106.496686,POINT (373111 4480378)
05-057-06124,40.812241,-106.301789,POINT (390206 4518730)
05-057-06125,40.766253,-106.113357,POINT (406034 4513406)
05-057-06126,40.766303,-106.117907,POINT (405650 4513416)
05-057-06127,40.723245,-106.50107,POINT (373229 4509119)
05-057-06128,40.8084,-106.29576,POINT (390708 4518296)
05-057-06129,40.771793,-106.120297,POINT (405456 4514028)
05-057-06130,40.818372,-106.301243,POINT (390262 4519410)
05-057-06131,40.804242,-106.291053,POINT (391098 4517828)
05-057-06132,40.773643,-106.122657,POINT (405260 4514236)
05-057-06133,40.573626,-105.983151,POINT (416784 4491892)
05-057-06134,40.844511,-106.279953,POINT (392100 4522285)
05-057-06135,40.769863,-106.106187,POINT (406644 4513799)
05-057-06136,40.768053,-106.106787,POINT (406591 4513598)
05-057-06137,40.762513,-106.106187,POINT (406634 4512983)
05-057-06138,40.762513,-106.103797,POINT (406836 4512980)
05-057-06139,40.76082,-106.10594,POINT (406652 4512795)
05-057-06140,40.672684,-106.130277,POINT (404472 4503037)
05-057-06141,40.803922,-106.272172,POINT (392691 4517769)
05-057-06142,40.767,-106.22161,POINT (396899 4513610)
05-057-06143,40.77453,-106.23558,POINT (395731 4514463)
05-057-06144,40.7875,-106.24983,POINT (394549 4515919)
05-057-06145,40.78125,-106.24628,POINT (394839 4515221)
05-057-06146,40.77036,-106.22697,POINT (396451 4513989)
05-057-06147,40.822931,-106.300053,POINT (390370 4519914)
05-057-06148,40.689762,-106.536219,POINT (370195 4505453)
05-057-06149,40.689382,-106.505558,POINT (372785 4505366)
05-057-06150,40.766013,-106.114447,POINT (405942 4513380)
05-057-06151,40.764633,-106.113897,POINT (405986 4513226)
05-057-06152,40.762923,-106.113247,POINT (406039 4513036)
05-057-06153,40.689382,-106.506279,POINT (372725 4505367)
05-057-06154,40.639755,-106.097675,POINT (407182 4499347)
05-057-06155,40.495595,-106.261679,POINT (393085 4483530)
05-057-06156,40.733383,-106.148558,POINT (403015 4509795)
05-057-06157,40.737123,-106.151308,POINT (402789 4510213)
05-057-06158,40.76664,-106.21775,POINT (397224 4513566)
05-057-06159,40.79333,-106.25419,POINT (394191 4516572)
05-057-06160,40.79131,-106.25075,POINT (394478 4516343)
05-057-06161,40.79733,-106.25472,POINT (394152 4517016)
05-057-06162,40.79453,-106.25219,POINT (394361 4516703)
05-057-06163,40.785,-106.25022,POINT (394512 4515642)
05-057-06164,40.78458,-106.24603,POINT (394865 4515591)
05-057-06165,40.78433,-106.24117,POINT (395275 4515557)
05-057-06166,40.782641,-106.238534,POINT (395495 4515366)
05-057-06167,40.77811,-106.24222,POINT (395177 4514868)
05-057-06168,40.777667,-106.237139,POINT (395605 4514813)
05-057-06169,40.77369,-106.22689,POINT (396463 4514359)
05-057-06170,40.77047,-106.22261,POINT (396820 4513997)
05-057-06171,40.874871,-106.351625,POINT (386110 4525746)
05-057-06172,40.731103,-106.144818,POINT (403328 4509538)
05-057-06173,40.840901,-106.280063,POINT (392085 4521884)
05-057-06174,40.621424,-106.174798,POINT (400633 4497396)
05-057-06175,40.840791,-106.275293,POINT (392487 4521866)
05-057-06176,40.759293,-106.108087,POINT (406469 4512627)
05-057-06177,40.769951,-106.119028,POINT (405561 4513822)
05-057-06178,40.773633,-106.122627,POINT (405262 4514235)
05-057-06179,40.560045,-106.242189,POINT (394837 4490661)
05-057-06180,40.775973,-106.128237,POINT (404792 4514501)
05-057-06181,40.771493,-106.122577,POINT (405263 4513997)
05-057-06182,40.769103,-106.123877,POINT (405150 4513733)
05-057-06183,40.769063,-106.119117,POINT (405552 4513724)
05-057-06184,40.764423,-106.106187,POINT (406637 4513195)
05-057-06185,40.778213,-106.128498,POINT (404773 4514750)
05-057-06186,40.77064,-106.23075,POINT (396133 4514025)
05-057-06187,40.77392,-106.23756,POINT (395563 4514397)
05-057-06188,40.779111,-106.247694,POINT (394716 4514986)
05-057-06189,40.782722,-106.250917,POINT (394450 4515390)
05-057-06190,40.786552,-106.251891,POINT (394374 4515817)
05-057-06191,40.79075,-106.2535,POINT (394245 4516285)
05-057-06192,40.795,-106.255028,POINT (394123 4516758)
05-057-06193,40.79706,-106.25169,POINT (394407 4516983)
05-057-06194,40.757153,-106.22572,POINT (396536 4512522)
05-057-06195,40.631265,-106.413656,POINT (380447 4498786)
05-057-06196,40.792612,-106.266252,POINT (393172 4516507)
05-057-06197,40.751441,-106.499439,POINT (373420 4512247)
05-057-06198,40.756493,-106.22135,POINT (396904 4512443)
05-057-06199,40.724673,-106.138207,POINT (403877 4508817)
05-057-06200,40.733303,-106.158088,POINT (402210 4509797)
05-057-06201,40.753073,-106.168539,POINT (401357 4512003)
05-057-06202,40.745013,-106.195319,POINT (399084 4511139)
05-057-06203,40.711212,-106.460977,POINT (376593 4507726)
05-057-06204,40.777233,-106.130258,POINT (404623 4514643)
05-057-06205,40.778093,-106.129148,POINT (404718 4514737)
05-057-06206,40.778613,-106.131218,POINT (404544 4514797)
05-057-06207,40.775313,-106.126987,POINT (404897 4514426)
05-057-06208,40.780373,-106.134058,POINT (404307 4514995)
05-057-06209,40.811052,-106.295853,POINT (390705 4518590)
05-057-06210,40.573796,-105.984141,POINT (416701 4491911)
05-057-06211,40.817962,-106.224541,POINT (396730 4519271)
05-057-06212,40.819662,-106.228671,POINT (396385 4519464)
05-057-06213,40.822222,-106.232181,POINT (396093 4519753)
05-057-06214,40.450025,-106.453575,POINT (376740 4478722)
05-057-06215,40.692822,-106.502598,POINT (373042 4505744)
05-057-06216,40.778073,-106.132788,POINT (404411 4514739)
05-057-06217,40.779533,-106.132168,POINT (404465 4514900)
05-057-06218,40.593923,-106.537209,POINT (369926 4494816)
05-057-06219,40.729093,-106.152788,POINT (402652 4509324)
05-057-06220,40.739843,-106.181416,POINT (400250 4510549)
05-057-06221,40.792872,-106.251882,POINT (394385 4516518)
05-057-06222,40.72271,-106.147755,POINT (403068 4508609)
05-057-06223,40.735943,-106.166768,POINT (401481 4510100)
05-057-06224,40.736703,-106.176659,POINT (400647 4510195)
05-057-06225,40.754303,-106.178069,POINT (400555 4512150)
05-057-06226,40.82412,-106.23503,POINT (395855 4519967)
05-057-06227,40.612553,-106.513888,POINT (371935 4496850)
05-057-06228,40.777092,-106.244051,POINT (395020 4514757)
05-057-06229,40.88659,-106.366326,POINT (384892 4527066)
05-057-06230,40.565976,-105.987891,POINT (416374 4491047)
05-057-06231,40.678862,-106.464937,POINT (376198 4504140)
05-057-06232,40.369507,-106.209876,POINT (397283 4469473)
05-057-06233,40.762902,-106.109136,POINT (406386 4513029)
05-057-06234,40.76525,-106.112843,POINT (406076 4513294)
05-057-06235,40.780233,-106.127348,POINT (404873 4514973)
05-057-06236,40.779213,-106.130598,POINT (404597 4514863)
05-057-06237,40.688872,-106.498398,POINT (373390 4505299)
05-057-06238,40.766633,-106.116437,POINT (405775 4513451)
05-057-06239,40.767593,-106.117447,POINT (405691 4513559)
05-057-06240,40.770693,-106.123517,POINT (405183 4513909)
05-057-06241,40.779773,-106.129838,POINT (404662 4514924)
05-057-06242,40.765633,-106.114197,POINT (405962 4513338)
05-057-06243,40.74842,-106.20075,POINT (398631 4511523)
05-057-06244,40.522712,-106.418956,POINT (379805 4486743)
05-057-06245,40.766593,-106.114757,POINT (405916 4513445)
05-057-06246,40.776433,-106.129188,POINT (404712 4514553)
05-057-06247,40.779383,-106.128818,POINT (404748 4514880)
05-057-06248,40.778853,-106.12794,POINT (404821 4514820)
05-057-06249,40.790811,-106.419057,POINT (380277 4516504)
05-057-06250,40.813702,-106.291733,POINT (391057 4518879)
05-057-06251,40.671134,-106.084385,POINT (408349 4502816)
05-057-06252,40.696772,-106.536896,POINT (370152 4506232)
05-057-06253,40.692443,-106.52327,POINT (371295 4505732)
05-057-06254,40.696818,-106.541219,POINT (369787 4506244)
05-057-06255,40.762483,-106.108097,POINT (406473 4512982)
05-057-06256,40.778843,-106.126967,POINT (404903 4514818)
05-057-06257,40.485796,-106.231928,POINT (395591 4482407)
05-057-06258,40.777673,-106.125527,POINT (405023 4514686)
05-057-06259,40.779873,-106.128778,POINT (404752 4514934)
05-057-06260,40.746833,-106.249651,POINT (394500 4511405)
05-057-06261,40.79539,-106.24978,POINT (394566 4516795)
05-057-06262,40.796622,-106.249291,POINT (394609 4516931)
05-057-06263,40.792012,-106.247171,POINT (394781 4516417)
05-057-06264,40.79344,-106.24736,POINT (394767 4516576)
05-057-06265,40.700602,-106.54107,POINT (369807 4506664)
05-057-06266,40.703882,-106.54291,POINT (369658 4507031)
05-057-06267,40.778823,-106.130208,POINT (404630 4514819)
05-057-06268,40.778963,-106.130508,POINT (404605 4514835)
05-057-06269,40.779243,-106.130398,POINT (404614 4514866)
05-057-06270,40.779583,-106.130638,POINT (404595 4514904)
05-057-06271,40.779323,-106.130758,POINT (404584 4514875)
05-057-06272,40.779713,-106.130958,POINT (404568 4514919)
05-057-06273,40.720094,-106.498204,POINT (373465 4508765)
05-057-06274,40.749733,-106.092336,POINT (407785 4511549)
05-057-06275,40.750533,-106.092706,POINT (407755 4511639)
05-057-06276,40.750703,-106.091606,POINT (407848 4511656)
05-057-06277,40.751493,-106.091966,POINT (407819 4511744)
05-057-06278,40.751663,-106.090866,POINT (407912 4511762)
05-057-06279,40.767723,-106.112897,POINT (406075 4513568)
05-057-06280,40.763493,-106.106637,POINT (406597 4513092)
05-057-06281,40.75927,-106.10322,POINT (406880 4512620)
05-057-06282,40.695584,-106.538015,POINT (370055 4506102)
05-057-06283,40.671684,-106.082965,POINT (408470 4502876)
05-057-06284,40.751873,-106.094996,POINT (407564 4511790)
05-057-06285,40.751873,-106.096806,POINT (407411 4511792)
05-057-06286,40.722114,-106.133617,POINT (404261 4508528)
05-057-06287,40.714324,-106.128847,POINT (404653 4507658)
05-057-06288,40.71842,-106.1335,POINT (404265 4508118)
05-057-06289,40.725453,-106.133697,POINT (404259 4508899)
05-057-06290,40.75833,-106.18139,POINT (400280 4512601)
05-057-06291,40.470406,-106.232598,POINT (395510 4480699)
05-057-06292,40.749674,-106.074696,POINT (409275 4511525)
05-057-06293,40.749104,-106.075476,POINT (409208 4511462)
05-057-06294,40.79578,-106.25278,POINT (394314 4516842)
05-057-06295,40.79381,-106.24914,POINT (394617 4516619)
05-057-06296,40.79047,-106.24908,POINT (394617 4516248)
05-057-06297,40.776372,-106.254201,POINT (394163 4514689)
05-057-06298,40.76258,-106.21444,POINT (397497 4513111)
05-057-06299,40.769913,-106.113367,POINT (406038 4513812)
05-057-06300,40.760753,-106.101437,POINT (407032 4512782)
05-057-06301,40.707962,-106.527379,POINT (370977 4507461)
05-057-06302,40.694822,-106.492038,POINT (373938 4505951)
05-057-06303,40.718794,-106.137497,POINT (403928 4508163)
05-057-06304,40.715364,-106.134507,POINT (404176 4507779)
05-057-06305,40.7135,-106.13267,POINT (404328 4507571)
05-057-06306,40.7205,-106.13461,POINT (404175 4508350)
05-057-06307,40.71733,-106.13244,POINT (404353 4507995)
05-057-06308,40.700681,-106.56609,POINT (367693 4506710)
05-057-06309,40.765953,-106.113527,POINT (406019 4513373)
05-057-06310,40.766543,-106.114277,POINT (405957 4513439)
05-057-06311,40.764773,-106.113187,POINT (406046 4513241)
05-057-06312,40.768423,-106.117457,POINT (405691 4513651)
05-057-06313,40.780953,-106.131898,POINT (404490 4515057)
05-057-06314,40.780373,-106.131708,POINT (404505 4514993)
05-057-06315,40.767743,-106.116237,POINT (405793 4513574)
05-057-06316,40.759283,-106.105717,POINT (406669 4512624)
05-057-06317,40.759283,-106.106647,POINT (406591 4512625)
05-057-06318,40.757453,-106.103217,POINT (406878 4512418)
05-057-06319,40.757613,-106.105507,POINT (406685 4512438)
05-057-06320,40.7155,-106.1345,POINT (404177 4507795)
05-057-06321,40.621423,-106.397974,POINT (381756 4497672)
05-057-06322,40.814811,-106.456748,POINT (377141 4519221)
05-057-06323,40.889211,-106.345735,POINT (386631 4527330)
05-057-06324,40.71936,-106.13517,POINT (404126 4508224)
05-057-06325,40.71731,-106.13533,POINT (404109 4507996)
05-057-06326,40.713704,-106.134877,POINT (404142 4507596)
05-057-06327,40.71553,-106.13253,POINT (404343 4507796)
05-057-06328,40.719174,-106.132787,POINT (404327 4508200)
05-057-06329,40.713414,-106.130547,POINT (404508 4507559)
05-057-06330,40.715234,-106.130757,POINT (404493 4507761)
05-057-06331,40.77758,-106.23217,POINT (396024 4514797)
05-057-06332,40.76189,-106.2125,POINT (397660 4513032)
05-057-06333,40.78864,-106.24381,POINT (395059 4516039)
05-057-06334,40.79139,-106.24503,POINT (394960 4516345)
05-057-06335,40.753623,-106.186969,POINT (399802 4512085)
05-057-06336,40.721204,-106.128307,POINT (404708 4508421)
05-057-06338,40.605965,-106.087665,POINT (407982 4495585)
05-057-06339,40.782782,-106.286343,POINT (391461 4515440)
05-057-06340,40.766443,-106.21496,POINT (397459 4513541)
05-057-06341,40.75983,-106.21064,POINT (397813 4512801)
05-057-06342,40.76136,-106.21611,POINT (397354 4512978)
05-057-06343,40.79642,-106.25586,POINT (394055 4516917)
05-057-06344,40.536965,-106.258199,POINT (393445 4488118)
05-057-06345,40.758643,-106.21235,POINT (397667 4512672)
05-057-06346,40.757613,-106.20876,POINT (397969 4512553)
05-057-06347,40.755923,-106.20628,POINT (398176 4512363)
05-057-06348,40.777582,-106.251831,POINT (394365 4514821)
05-057-06349,40.885701,-106.341925,POINT (386946 4526936)
05-057-06350,40.538215,-106.26428,POINT (392932 4488264)
05-057-06351,40.791285,-106.419265,POINT (380260 4516557)
05-057-06352,40.826042,-106.240221,POINT (395421 4520186)
05-057-06353,40.695852,-106.53775,POINT (370078 4506132)
05-057-06354,40.769014,-106.120859,POINT (405405 4513720)
05-057-06355,40.697932,-106.536435,POINT (370193 4506361)
05-057-06356,40.773192,-106.22288,POINT (396801 4514299)
05-057-06357,40.710494,-106.075095,POINT (409188 4507176)
05-057-06358,40.857711,-106.266523,POINT (393253 4523734)
05-057-06359,40.697802,-106.53747,POINT (370105 4506348)
05-057-06360,40.843211,-106.266742,POINT (393212 4522124)
05-057-06361,40.75831,-106.20961,POINT (397898 4512631)
05-057-06362,40.75642,-106.20836,POINT (398001 4512420)
05-057-06363,40.78642,-106.24531,POINT (394929 4515794)
05-057-06364,40.756963,-106.183179,POINT (400127 4512451)
05-057-06365,40.807802,-106.302143,POINT (390169 4518237)
05-057-06366,40.89203,-106.48359,POINT (375022 4527831)
05-057-06367,40.77478,-106.22617,POINT (396526 4514479)
05-057-06368,40.885731,-106.341745,POINT (386961 4526939)
05-057-06369,40.758033,-106.101897,POINT (406990 4512481)
05-057-06370,40.696462,-106.53909,POINT (369966 4506201)
05-057-06371,40.695642,-106.53839,POINT (370023 4506109)
05-057-06372,40.769873,-106.108577,POINT (406443 4513802)
05-057-06373,40.767723,-106.110957,POINT (406239 4513566)
05-057-06374,40.76226,-106.10621,POINT (406632 4512955)
05-057-06375,40.695862,-106.54339,POINT (369601 4506141)
05-057-06376,40.761413,-106.105247,POINT (406712 4512860)
05-057-06377,40.844861,-106.299333,POINT (390467 4522348)
05-057-06378,40.866321,-106.271433,POINT (392854 4524696)
05-057-06379,40.795293,-106.166749,POINT (401571 4516688)
05-057-06380,40.855181,-106.268863,POINT (393052 4523456)
05-057-06381,40.78347,-106.23639,POINT (395677 4515456)
05-057-06382,40.779028,-106.229056,POINT (396289 4514954)
05-057-06383,40.776972,-106.227701,POINT (396400 4514724)
05-057-06384,40.78839,-106.24564,POINT (394904 4516013)
05-057-06385,40.78478,-106.24328,POINT (395098 4515610)
05-057-06386,40.77967,-106.23158,POINT (396077 4515028)
05-057-06387,40.761123,-106.182429,POINT (400197 4512912)
05-057-06388,40.77406,-106.22931,POINT (396260 4514403)
05-057-06389,40.79164,-106.24839,POINT (394677 4516377)
05-057-06390,40.78131,-106.23242,POINT (396009 4515211)
05-057-06391,40.780762,-106.232681,POINT (395986 4515151)
05-057-06392,40.77614,-106.23072,POINT (396144 4514636)
05-057-06393,40.77358,-106.22469,POINT (396649 4514344)
05-057-06394,40.77603,-106.23703,POINT (395611 4514631)
05-057-06395,40.781432,-106.238151,POINT (395525 4515232)
05-057-06396,40.787702,-106.243241,POINT (395106 4515934)
05-057-06397,40.775522,-106.22434,POINT (396681 4514559)
05-057-06398,40.78239,-106.23411,POINT (395868 4515333)
05-057-06399,40.78672,-106.24064,POINT (395323 4515822)
05-057-06400,40.78403,-106.23894,POINT (395463 4515521)
05-057-06401,40.777372,-106.239041,POINT (395444 4514782)
05-057-06402,40.78019,-106.23047,POINT (396171 4515085)
05-057-06403,40.778252,-106.229301,POINT (396267 4514868)
05-057-06404,40.779232,-106.237631,POINT (395566 4514987)
05-057-06405,40.77789,-106.22797,POINT (396379 4514827)
05-057-06406,40.776932,-106.226121,POINT (396533 4514718)
05-057-06407,40.79258,-106.25008,POINT (394536 4516484)
05-057-06408,40.79069,-106.24664,POINT (394823 4516270)
05-057-06409,40.78039,-106.24,POINT (395368 4515118)
05-057-06410,40.78886,-106.24986,POINT (394549 4516070)
05-057-06411,40.78942,-106.24256,POINT (395166 4516124)
05-057-06412,40.76947,-106.2235,POINT (396743 4513887)
05-057-06413,40.810122,-106.248952,POINT (394659 4518430)
05-057-06414,40.78764,-106.24197,POINT (395213 4515925)
05-057-06416,40.757543,-106.174709,POINT (400843 4512506)
05-057-06417,40.773932,-106.233481,POINT (395908 4514394)
05-057-06418,40.785852,-106.248611,POINT (394650 4515735)
05-057-06419,40.769922,-106.226271,POINT (396510 4513940)
05-057-06420,40.766453,-106.2202,POINT (397017 4513548)
05-057-06421,40.784872,-106.267302,POINT (393071 4515649)
05-057-06422,40.784952,-106.258022,POINT (393854 4515646)
05-057-06423,40.737733,-106.155388,POINT (402445 4510286)
05-057-06424,40.7865,-106.23883,POINT (395476 4515795)
05-057-06425,40.782694,-106.24525,POINT (394928 4515380)
05-057-06426,40.78492,-106.23531,POINT (395770 4515616)
05-057-06427,40.78733,-106.24394,POINT (395046 4515893)
05-057-06428,40.783262,-106.232351,POINT (396017 4515428)
05-057-06429,40.765993,-106.219,POINT (397117 4513495)
05-057-06430,40.779917,-106.237667,POINT (395564 4515063)
05-057-06431,40.78369,-106.23444,POINT (395842 4515478)
05-057-06432,40.786422,-106.236691,POINT (395656 4515784)
05-057-06433,40.787402,-106.238171,POINT (395533 4515895)
05-057-06434,40.787392,-106.239841,POINT (395392 4515895)
05-057-06435,40.788632,-106.239611,POINT (395413 4516033)
05-057-06436,40.78886,-106.24114,POINT (395285 4516060)
05-057-06437,40.79047,-106.24381,POINT (395062 4516242)
05-057-06438,40.790632,-106.241841,POINT (395228 4516257)
05-057-06439,40.575424,-106.404694,POINT (381106 4492575)
05-057-06440,40.596264,-106.403904,POINT (381210 4494887)
05-057-06441,40.72742,-106.22174,POINT (396826 4509217)
05-057-06442,40.76606,-106.21897,POINT (397120 4513503)
05-057-06443,40.740743,-106.195989,POINT (399021 4510666)
05-057-06444,40.717843,-106.158908,POINT (402119 4508082)
05-057-06445,40.738323,-106.132877,POINT (404347 4510326)
05-057-06446,40.78131,-106.24394,POINT (395036 4515225)
05-057-06447,40.75483,-106.2045,POINT (398324 4512239)
05-057-06448,40.78583,-106.24061,POINT (395325 4515723)
05-057-06449,40.78536,-106.23833,POINT (395516 4515668)
05-057-06450,40.77236,-106.22686,POINT (396464 4514211)
05-057-06451,40.75744,-106.20739,POINT (398084 4512532)
05-057-06452,40.78739,-106.24558,POINT (394908 4515902)
05-057-06453,40.792432,-106.246281,POINT (394857 4516463)
05-057-06454,40.78739,-106.24767,POINT (394731 4515905)
05-057-06455,40.794602,-106.248051,POINT (394711 4516706)
05-057-06456,40.783732,-106.241471,POINT (395249 4515491)
05-057-06457,40.786132,-106.248021,POINT (394700 4515765)
05-057-06458,40.781882,-106.239281,POINT (395431 4515283)
05-057-06459,40.6934,-106.50318,POINT (372994 4505809)
05-057-06460,40.64685,-106.16778,POINT (401265 4500211)
05-057-06461,40.72666,-106.22131,POINT (396862 4509132)
05-057-06462,40.69345,-106.50384,POINT (372938 4505815)
05-057-06463,40.53568,-106.388127,POINT (382439 4488141)
05-057-06464,40.534837,-106.39497,POINT (381858 4488056)
05-057-06465,40.541977,-106.414359,POINT (380229 4488875)
05-057-06466,40.547043,-106.41017,POINT (380592 4489432)
05-057-06467,40.54016,-106.391286,POINT (382179 4488642)
05-057-06468,40.51325,-106.395606,POINT (381766 4485661)
05-057-06469,40.528361,-106.404461,POINT (381043 4487350)
05-057-06470,40.556336,-106.414097,POINT (380276 4490469)
05-057-06471,40.512739,-106.388244,POINT (382389 4485594)
05-057-06472,40.584012,-106.405631,POINT (381042 4493530)
05-057-06473,40.56152,-106.46051,POINT (376356 4491108)
05-057-06474,40.70132,-106.16841,POINT (401292 4506258)
05-057-06475,40.67295,-106.21894,POINT (396979 4503167)
05-057-06476,40.680273,-106.125389,POINT (404896 4503874)
05-057-06477,40.680322,-106.148361,POINT (402955 4503905)
05-057-06478,40.661686,-106.134739,POINT (404079 4501821)
05-057-06479,40.512042,-106.410428,POINT (380508 4485547)
05-057-06480,40.512561,-106.416789,POINT (379970 4485613)
05-057-06481,40.5125,-106.421739,POINT (379551 4485613)
05-057-06482,40.5128,-106.416886,POINT (379963 4485640)
05-057-06483,40.48465,-106.18471,POINT (399591 4482225)
05-057-06484,40.67314,-106.19994,POINT (398585 4503166)
05-057-06485,40.66919,-106.19518,POINT (398982 4502722)
05-057-06486,40.66913,-106.19991,POINT (398582 4502721)
05-057-06487,40.491869,-106.185023,POINT (399575 4483027)
05-057-06488,40.541767,-106.414411,POINT (380224 4488852)
05-057-06489,40.524466,-106.224439,POINT (396285 4486691)
05-057-06490,40.61805,-106.105962,POINT (406451 4496946)
05-057-06491,40.646919,-106.126889,POINT (404722 4500173)
05-057-06492,40.56144,-106.4605,POINT (376357 4491099)
05-057-06493,40.76901,-106.2785,POINT (392100 4513902)
05-057-06494,40.596956,-106.426328,POINT (379314 4494995)
05-057-06495,40.585678,-106.372761,POINT (383827 4493671)
05-057-06497,40.598436,-106.415586,POINT (380226 4495144)
05-057-06498,40.596919,-106.426358,POINT (379311 4494990)
05-057-06499,40.598308,-106.415467,POINT (380235 4495130)
05-057-06500,40.521357,-106.201068,POINT (398260 4486318)
05-057-06501,40.584158,-106.415492,POINT (380208 4493559)
05-057-06502,40.58415,-106.415556,POINT (380203 4493558)
05-057-06503,40.545219,-106.407806,POINT (380789 4489226)
05-057-06504,40.5404,-106.4403,POINT (378029 4488736)
05-057-06505,40.687725,-106.13817,POINT (403827 4504715)
05-057-06507,40.45005,-106.43914,POINT (377964 4478705)
05-057-06508,40.571358,-106.441981,POINT (377943 4492175)
05-057-06509,40.61911,-106.10156,POINT (406825 4497059)
05-057-06510,40.479953,-106.441165,POINT (377846 4482027)
05-057-06511,40.67659,-106.21891,POINT (396987 4503571)
05-057-06512,40.68678,-106.22499,POINT (396489 4504709)
05-057-06513,40.6652,-106.19897,POINT (398655 4502283)
05-057-06514,40.65797,-106.18135,POINT (400134 4501460)
05-057-06515,40.644583,-106.394472,POINT (382093 4500238)
05-057-06516,40.512519,-106.166042,POINT (401214 4485297)
05-057-06517,40.539481,-106.313036,POINT (388805 4488465)
05-057-06518,40.69948,-106.18709,POINT (399711 4506075)
05-057-06519,40.68417,-106.16626,POINT (401448 4504352)
05-057-06520,40.641456,-106.124394,POINT (404925 4499564)
05-057-06521,40.655659,-106.123099,POINT (405055 4501139)
05-057-06522,40.614621,-106.389532,POINT (382458 4496906)
05-057-06523,40.627795,-106.397892,POINT (381774 4498379)
05-057-06524,40.685625,-106.3583,POINT (385222 4504746)
05-057-06525,40.685722,-106.356444,POINT (385379 4504755)
05-057-06526,40.511158,-106.3916,POINT (382102 4485423)
05-057-06527,40.528256,-106.404319,POINT (381055 4487338)
05-057-06528,40.598614,-106.452889,POINT (377070 4495215)
05-057-06529,40.598532,-106.452888,POINT (377069 4495206)
05-057-06530,40.569535,-106.375851,POINT (383538 4491883)
05-057-06531,40.569537,-106.376011,POINT (383524 4491883)
05-057-06532,40.771687,-106.230005,POINT (396197 4514140)
05-057-06533,40.727552,-106.144315,POINT (403365 4509143)
05-057-06534,40.584031,-106.405317,POINT (381069 4493531)
05-057-06535,40.585258,-106.38776,POINT (382557 4493644)
05-057-06536,40.584322,-106.415828,POINT (380180 4493578)
05-057-06537,40.528664,-106.396479,POINT (381719 4487373)
05-057-06538,40.628724,-106.439683,POINT (378242 4498539)
05-057-06539,40.585223,-106.387783,POINT (382555 4493640)
05-057-06540,40.584269,-106.415828,POINT (380180 4493572)
05-057-06541,40.584656,-106.404444,POINT (381144 4493599)
05-057-06542,40.584244,-106.404519,POINT (381137 4493554)
05-057-06543,40.584656,-106.404517,POINT (381138 4493599)
05-057-06544,40.584656,-106.404589,POINT (381132 4493600)
05-057-06545,40.584658,-106.405128,POINT (381086 4493601)
05-057-06546,40.584244,-106.404447,POINT (381143 4493554)
05-057-06547,40.584247,-106.405131,POINT (381085 4493555)
05-057-06548,40.584244,-106.404303,POINT (381155 4493553)
05-057-06549,40.584244,-106.404375,POINT (381149 4493554)
05-057-06550,40.669054,-106.126353,POINT (404799 4502630)
05-057-06551,40.50998,-106.38404,POINT (382741 4485283)
05-057-06552,40.51003,-106.38407,POINT (382738 4485288)
05-057-06553,40.584244,-106.404592,POINT (381131 4493554)
05-057-06554,40.569537,-106.375957,POINT (383529 4491883)
05-057-06555,40.569535,-106.375904,POINT (383533 4491883)
05-057-06556,40.598361,-106.415631,POINT (380222 4495136)
05-057-06557,40.598325,-106.415653,POINT (380220 4495132)
05-057-06558,40.59825,-106.415697,POINT (380216 4495124)
05-057-06559,40.598286,-106.415675,POINT (380218 4495128)
05-057-06560,40.573971,-106.382214,POINT (383007 4492384)
05-057-06561,40.57393,-106.382214,POINT (383007 4492379)
05-057-06562,40.57381,-106.38221,POINT (383007 4492366)
05-057-06563,40.573847,-106.382212,POINT (383007 4492370)
05-057-06564,40.573889,-106.382213,POINT (383007 4492374)
05-057-06565,40.573806,-106.382211,POINT (383007 4492365)
05-057-06566,40.573724,-106.382211,POINT (383006 4492356)
05-057-06567,40.573765,-106.382211,POINT (383007 4492361)
05-057-06568,40.586017,-106.387336,POINT (382594 4493728)
05-057-06569,40.585196,-106.387215,POINT (382603 4493636)
05-057-06570,40.586054,-106.387311,POINT (382596 4493732)
05-057-06571,40.586128,-106.387262,POINT (382601 4493740)
05-057-06572,40.586091,-106.387286,POINT (382599 4493736)
05-057-06573,40.585119,-106.387251,POINT (382600 4493628)
05-057-06574,40.585157,-106.387233,POINT (382601 4493632)
05-057-06575,40.598514,-106.415542,POINT (380229 4495153)
05-057-06576,40.571183,-106.424278,POINT (379441 4492131)
05-057-06577,40.571183,-106.424225,POINT (379446 4492131)
05-057-06578,40.571183,-106.424117,POINT (379455 4492131)
05-057-06579,40.571183,-106.424169,POINT (379450 4492131)
05-057-06580,40.571183,-106.424331,POINT (379437 4492131)
05-057-06581,40.571458,-106.424439,POINT (379428 4492162)
05-057-06582,40.571458,-106.424511,POINT (379422 4492162)
05-057-06583,40.571458,-106.424583,POINT (379416 4492162)
05-057-06584,40.571458,-106.424656,POINT (379410 4492162)
05-057-06585,40.583851,-106.400143,POINT (381506 4493504)
05-057-06586,40.585633,-106.387532,POINT (382577 4493685)
05-057-06587,40.585647,-106.387583,POINT (382573 4493687)
05-057-06588,40.585605,-106.387429,POINT (382586 4493682)
05-057-06589,40.585619,-106.38748,POINT (382581 4493684)
05-057-06590,40.571458,-106.424368,POINT (379434 4492161)
05-057-06591,40.598147,-106.425286,POINT (379404 4495125)
05-057-06592,40.597736,-106.425231,POINT (379408 4495080)
05-057-06593,40.598147,-106.425233,POINT (379409 4495125)
05-057-06594,40.598147,-106.425339,POINT (379400 4495125)
05-057-06595,40.597736,-106.425286,POINT (379404 4495080)
05-057-06596,40.598147,-106.425178,POINT (379413 4495125)
05-057-06597,40.597736,-106.425178,POINT (379413 4495080)
05-057-06598,40.477085,-106.454344,POINT (376724 4481727)
05-057-06599,40.477121,-106.454316,POINT (376726 4481731)
05-057-06600,40.477156,-106.454289,POINT (376729 4481735)
05-057-06601,40.58398,-106.36961,POINT (384091 4493478)
05-057-06602,40.598636,-106.47243,POINT (375416 4495245)
05-057-06603,40.58415,-106.38733,POINT (382591 4493520)
05-057-06604,40.58419,-106.38734,POINT (382591 4493525)
05-057-06605,40.58428,-106.38735,POINT (382590 4493535)
05-057-06606,40.58423,-106.38734,POINT (382591 4493529)
05-057-06607,40.598475,-106.415564,POINT (380227 4495148)
05-057-06608,40.5984,-106.415608,POINT (380224 4495140)
05-057-06609,40.598573,-106.452888,POINT (377070 4495211)
05-057-06610,40.598491,-106.452887,POINT (377069 4495202)
05-057-06611,40.51008,-106.3841,POINT (382736 4485294)
05-057-06612,40.62988,-106.395448,POINT (381985 4498607)
05-057-06613,40.629882,-106.395394,POINT (381989 4498608)
05-057-06614,40.629882,-106.395394,POINT (381989 4498608)
05-057-07051,40.77359,-106.129495,POINT (404683 4514238)
05-057-40000,40.853572,-106.202591,POINT (398636 4523198)
05-057-40001,40.760073,-106.131057,POINT (404531 4512739)
05-057-40019,40.762604,-106.108526,POINT (406437 4512995)
05-057-40021,40.736219,-106.181375,POINT (400248 4510147)
05-057-60001,40.674523,-106.53218,POINT (370507 4503756)
05-057-60002,40.721914,-106.080375,POINT (408757 4508449)
05-057-60004,40.782,-106.245,POINT (394948 4515303)
05-057-60006,40.771082,-106.230771,POINT (396132 4514074)
05-057-60007,40.848191,-106.279813,POINT (392118 4522693)
